Titular cont: PERSON_1,,,,,,,
Data,,,Detalii tranzactie,Debit,,Credit,Balanta
31 martie 2026,,,Tranzactie Round Up,"0,50",,,"7.177,15"
,,,Data finalizarii (decontarii): 31-03-2026,,,,
,,,Referinta:40192,,,,
,,,In contul:RO88ANON5555555555555555,,,,
,,,Detalii:Suma tranzactiei: 18.5 RON,,,,
,,,Platita la: STARBUCKS AFI,,,,
31 martie 2026,,,Cumparare POS,"18,50",,,"7.177,65"
,,,Data finalizarii (decontarii): 01-04-2026,,,,
,,,Numar card:**** 4412,,,,
,,,Tranzactie la:STARBUCKS AFI  RO  BUCURESTI,,,,
,,,Data autorizarii:31-03-2026,,,,
,,,Numar autorizare:100091,,,,
30 martie 2026,,,Tranzactie Round Up,"0,14",,,"7.196,15"
,,,Data finalizarii (decontarii): 30-03-2026,,,,
,,,Referinta:40190,,,,
,,,In contul:RO88ANON5555555555555555,,,,
,,,Detalii:Suma tranzactiei: 183.86 RON,,,,
,,,Platita la: LIDL 1234 BUCURESTI,,,,
30 martie 2026,,,Cumparare POS,"183,86",,,"7.196,29"
,,,Data finalizarii (decontarii): 31-03-2026,,,,
,,,Numar card:**** 4412,,,,
,,,Tranzactie la:LIDL 1234 BUCURESTI  RO  BUCURESTI,,,,
,,,Data autorizarii:30-03-2026,,,,
,,,Numar autorizare:100090,,,,
29 martie 2026,,,Tranzactie Round Up,"1,00",,,"7.380,15"
,,,Data finalizarii (decontarii): 29-03-2026,,,,
,,,Referinta:40188,,,,
,,,In contul:RO88ANON5555555555555555,,,,
,,,Detalii:Suma tranzactiei: 5 RON,,,,
,,,Platita la: METROREX VALIDATOARE,,,,
29 martie 2026,,,Cumparare POS,"5,00",,,"7.381,15"
,,,Data finalizarii (decontarii): 30-03-2026,,,,
,,,Numar card:**** 4412,,,,
,,,Tranzactie la:METROREX VALIDATOARE  RO  BUCURESTI,,,,
,,,Data autorizarii:29-03-2026,,,,
,,,Numar autorizare:100089,,,,
28 martie 2026,,,Tranzactie Round Up,"0,37",,,"7.386,15"
,,,Data finalizarii (decontarii): 28-03-2026,,,,
,,,Referinta:40186,,,,
,,,In contul:RO88ANON5555555555555555,,,,
,,,Detalii:Suma tranzactiei: 201.63 RON,,,,
,,,Platita la: KAUFLAND 381,,,,
28 martie 2026,,,Cumparare POS,"201,63",,,"7.386,52"
,,,Data finalizarii (decontarii): 29-03-2026,,,,
,,,Numar card:**** 4412,,,,
,,,Tranzactie la:KAUFLAND 381  RO  CLUJ,,,,
,,,Data autorizarii:28-03-2026,,,,
,,,Numar autorizare:100088,,,,
28 martie 2026,,,Tranzactie Round Up,"0,66",,,"7.588,15"
,,,Data finalizarii (decontarii): 28-03-2026,,,,
,,,Referinta:40184,,,,
,,,In contul:RO88ANON5555555555555555,,,,
,,,Detalii:Suma tranzactiei: 62.34 RON,,,,
,,,Platita la: LIDL 1234 BUCURESTI,,,,
,Jane Doe,,,,John Roe,,
,Sef Serviciu Exemplu,,,,Sef Serviciu Exemplu,,
,,ING Bank N.V. Amsterdam,,,ING Bank N.V. Amsterdam,,
,,Sucursala Bucuresti,,,Sucursala Bucuresti,,
Titular cont: PERSON_1,,,,,,,
Data,,,Detalii tranzactie,Debit,,Credit,Balanta
28 martie 2026,,,Cumparare POS,"62,34",,,"7.588,81"
,,,Data finalizarii (decontarii): 29-03-2026,,,,
,,,Numar card:**** 4412,,,,
,,,Tranzactie la:LIDL 1234 BUCURESTI  RO  BUCURESTI,,,,
,,,Data autorizarii:28-03-2026,,,,
,,,Numar autorizare:100087,,,,
27 martie 2026,,,Tranzactie Round Up,"1,00",,,"7.651,15"
,,,Data finalizarii (decontarii): 27-03-2026,,,,
,,,Referinta:40182,,,,
,,,In contul:RO88ANON5555555555555555,,,,
,,,Detalii:Suma tranzactiei: 5 RON,,,,
,,,Platita la: METROREX VALIDATOARE,,,,
27 martie 2026,,,Cumparare POS,"5,00",,,"7.652,15"
,,,Data finalizarii (decontarii): 28-03-2026,,,,
,,,Numar card:**** 4412,,,,
,,,Tranzactie la:METROREX VALIDATOARE  RO  BUCURESTI,,,,
,,,Data autorizarii:27-03-2026,,,,
,,,Numar autorizare:100086,,,,
27 martie 2026,,,Tranzactie Round Up,"0,68",,,"7.657,15"
,,,Data finalizarii (decontarii): 27-03-2026,,,,
,,,Referinta:40180,,,,
,,,In contul:RO88ANON5555555555555555,,,,
,,,Detalii:Suma tranzactiei: 193.32 RON,,,,
,,,Platita la: OMV 1007,,,,
27 martie 2026,,,Cumparare POS,"193,32",,,"7.657,83"
,,,Data finalizarii (decontarii): 28-03-2026,,,,
,,,Numar card:**** 4412,,,,
,,,Tranzactie la:OMV 1007  RO  BUCURESTI,,,,
,,,Data autorizarii:27-03-2026,,,,
,,,Numar autorizare:100085,,,,
26 martie 2026,,,Tranzactie Round Up,"0,49",,,"7.851,15"
,,,Data finalizarii (decontarii): 26-03-2026,,,,
,,,Referinta:40178,,,,
,,,In contul:RO88ANON5555555555555555,,,,
,,,Detalii:Suma tranzactiei: 25.51 RON,,,,
,,,Platita la: LIDL 1234 BUCURESTI,,,,
26 martie 2026,,,Cumparare POS,"25,51",,,"7.851,64"
,,,Data finalizarii (decontarii): 27-03-2026,,,,
,,,Numar card:**** 4412,,,,
,,,Tranzactie la:LIDL 1234 BUCURESTI  RO  BUCURESTI,,,,
,,,Data autorizarii:26-03-2026,,,,
,,,Numar autorizare:100084,,,,
24 martie 2026,,,Tranzactie Round Up,"1,00",,,"7.877,15"
,,,Data finalizarii (decontarii): 24-03-2026,,,,
,,,Referinta:40176,,,,
,,,In contul:RO88ANON5555555555555555,,,,
,,,Detalii:Suma tranzactiei: 281 RON,,,,
,,,Platita la: OMV 1007,,,,
24 martie 2026,,,Cumparare POS,"281,00",,,"7.878,15"
,,,Data finalizarii (decontarii): 25-03-2026,,,,
,,,Numar card:**** 4412,,,,
,,,Tranzactie la:OMV 1007  RO  BUCURESTI,,,,
,,,Data autorizarii:24-03-2026,,,,
,,,Numar autorizare:100083,,,,
,Jane Doe,,,,John Roe,,
,Sef Serviciu Exemplu,,,,Sef Serviciu Exemplu,,
,,ING Bank N.V. Amsterdam,,,ING Bank N.V. Amsterdam,,
,,Sucursala Bucuresti,,,Sucursala Bucuresti,,
Titular cont: PERSON_1,,,,,,,
Data,,,Detalii tranzactie,Debit,,Credit,Balanta
24 martie 2026,,,Tranzactie Round Up,"0,32",,,"8.159,15"
,,,Data finalizarii (decontarii): 24-03-2026,,,,
,,,Referinta:40174,,,,
,,,In contul:RO88ANON5555555555555555,,,,
,,,Detalii:Suma tranzactiei: 188.68 RON,,,,
,,,Platita la: LIDL 1234 BUCURESTI,,,,
24 martie 2026,,,Cumparare POS,"188,68",,,"8.159,47"
,,,Data finalizarii (decontarii): 25-03-2026,,,,
,,,Numar card:**** 4412,,,,
,,,Tranzactie la:LIDL 1234 BUCURESTI  RO  BUCURESTI,,,,
,,,Data autorizarii:24-03-2026,,,,
,,,Numar autorizare:100082,,,,
22 martie 2026,,,Tranzactie Round Up,"0,81",,,"8.348,15"
,,,Data finalizarii (decontarii): 22-03-2026,,,,
,,,Referinta:40172,,,,
,,,In contul:RO88ANON5555555555555555,,,,
,,,Detalii:Suma tranzactiei: 289.19 RON,,,,
,,,Platita la: OMV 1007,,,,
22 martie 2026,,,Cumparare POS,"289,19",,,"8.348,96"
,,,Data finalizarii (decontarii): 23-03-2026,,,,
,,,Numar card:**** 4412,,,,
,,,Tranzactie la:OMV 1007  RO  BUCURESTI,,,,
,,,Data autorizarii:22-03-2026,,,,
,,,Numar autorizare:100081,,,,
20 martie 2026,,,Plata debit direct,"136,44",,,"8.638,15"
,,,Data finalizarii (decontarii): 20-03-2026,,,,
,,,Beneficiar:DIGI ROMANIA SA,,,,
,,,In contul:RO35ANON9999999999999999,,,,
,,,Banca:INGB CENTRALA,,,,
,,,Detalii:37741995,,,,
,,,60439508,,,,
,,,Referinta:961985603,,,,
20 martie 2026,,,Tranzactie Round Up,"0,67",,,"8.774,59"
,,,Data finalizarii (decontarii): 20-03-2026,,,,
,,,Referinta:40169,,,,
,,,In contul:RO88ANON5555555555555555,,,,
,,,Detalii:Suma tranzactiei: 54.33 RON,,,,
,,,Platita la: LIDL 1234 BUCURESTI,,,,
20 martie 2026,,,Cumparare POS,"54,33",,,"8.775,26"
,,,Data finalizarii (decontarii): 21-03-2026,,,,
,,,Numar card:**** 4412,,,,
,,,Tranzactie la:LIDL 1234 BUCURESTI  RO  BUCURESTI,,,,
,,,Data autorizarii:20-03-2026,,,,
,,,Numar autorizare:100080,,,,
20 martie 2026,,,Tranzactie Round Up,"0,29",,,"8.829,59"
,,,Data finalizarii (decontarii): 20-03-2026,,,,
,,,Referinta:40167,,,,
,,,In contul:RO88ANON5555555555555555,,,,
,,,Detalii:Suma tranzactiei: 365.71 RON,,,,
,,,Platita la: KAUFLAND 381,,,,
20 martie 2026,,,Cumparare POS,"365,71",,,"8.829,88"
,,,Data finalizarii (decontarii): 21-03-2026,,,,
,,,Numar card:**** 4412,,,,
,,,Tranzactie la:KAUFLAND 381  RO  CLUJ,,,,
,Jane Doe,,,,John Roe,,
,Sef Serviciu Exemplu,,,,Sef Serviciu Exemplu,,
,,ING Bank N.V. Amsterdam,,,ING Bank N.V. Amsterdam,,
,,Sucursala Bucuresti,,,Sucursala Bucuresti,,
Titular cont: PERSON_1,,,,,,,
Data,,,Detalii tranzactie,Debit,,Credit,Balanta
,,,Data autorizarii:20-03-2026,,,,
,,,Numar autorizare:100079,,,,
19 martie 2026,,,Tranzactie Round Up,"0,50",,,"9.195,59"
,,,Data finalizarii (decontarii): 19-03-2026,,,,
,,,Referinta:40165,,,,
,,,In contul:RO88ANON5555555555555555,,,,
,,,Detalii:Suma tranzactiei: 18.5 RON,,,,
,,,Platita la: STARBUCKS AFI,,,,
19 martie 2026,,,Cumparare POS,"18,50",,,"9.196,09"
,,,Data finalizarii (decontarii): 20-03-2026,,,,
,,,Numar card:**** 4412,,,,
,,,Tranzactie la:STARBUCKS AFI  RO  BUCURESTI,,,,
,,,Data autorizarii:19-03-2026,,,,
,,,Numar autorizare:100078,,,,
19 martie 2026,,,Tranzactie Round Up,"0,63",,,"9.214,59"
,,,Data finalizarii (decontarii): 19-03-2026,,,,
,,,Referinta:40163,,,,
,,,In contul:RO88ANON5555555555555555,,,,
,,,Detalii:Suma tranzactiei: 205.37 RON,,,,
,,,Platita la: OMV 1007,,,,
19 martie 2026,,,Cumparare POS,"205,37",,,"9.215,22"
,,,Data finalizarii (decontarii): 20-03-2026,,,,
,,,Numar card:**** 4412,,,,
,,,Tranzactie la:OMV 1007  RO  BUCURESTI,,,,
,,,Data autorizarii:19-03-2026,,,,
,,,Numar autorizare:100077,,,,
17 martie 2026,,,Tranzactie Round Up,"1,00",,,"9.420,59"
,,,Data finalizarii (decontarii): 17-03-2026,,,,
,,,Referinta:40161,,,,
,,,In contul:RO88ANON5555555555555555,,,,
,,,Detalii:Suma tranzactiei: 5 RON,,,,
,,,Platita la: METROREX VALIDATOARE,,,,
17 martie 2026,,,Cumparare POS,"5,00",,,"9.421,59"
,,,Data finalizarii (decontarii): 18-03-2026,,,,
,,,Numar card:**** 4412,,,,
,,,Tranzactie la:METROREX VALIDATOARE  RO  BUCURESTI,,,,
,,,Data autorizarii:17-03-2026,,,,
,,,Numar autorizare:100076,,,,
16 martie 2026,,,Tranzactie Round Up,"0,50",,,"9.426,59"
,,,Data finalizarii (decontarii): 16-03-2026,,,,
,,,Referinta:40159,,,,
,,,In contul:RO88ANON5555555555555555,,,,
,,,Detalii:Suma tranzactiei: 18.5 RON,,,,
,,,Platita la: STARBUCKS AFI,,,,
16 martie 2026,,,Cumparare POS,"18,50",,,"9.427,09"
,,,Data finalizarii (decontarii): 17-03-2026,,,,
,,,Numar card:**** 4412,,,,
,,,Tranzactie la:STARBUCKS AFI  RO  BUCURESTI,,,,
,,,Data autorizarii:16-03-2026,,,,
,,,Numar autorizare:100075,,,,
15 martie 2026,,,Tranzactie Round Up,"0,67",,,"9.445,59"
,,,Data finalizarii (decontarii): 15-03-2026,,,,
,,,Referinta:40157,,,,
,,,In contul:RO88ANON5555555555555555,,,,
,Jane Doe,,,,John Roe,,
,Sef Serviciu Exemplu,,,,Sef Serviciu Exemplu,,
,,ING Bank N.V. Amsterdam,,,ING Bank N.V. Amsterdam,,
,,Sucursala Bucuresti,,,Sucursala Bucuresti,,
Titular cont: PERSON_1,,,,,,,
Data,,,Detalii tranzactie,Debit,,Credit,Balanta
,,,Detalii:Suma tranzactiei: 272.33 RON,,,,
,,,Platita la: OMV 1007,,,,
15 martie 2026,,,Cumparare POS,"272,33",,,"9.446,26"
,,,Data finalizarii (decontarii): 16-03-2026,,,,
,,,Numar card:**** 4412,,,,
,,,Tranzactie la:OMV 1007  RO  BUCURESTI,,,,
,,,Data autorizarii:15-03-2026,,,,
,,,Numar autorizare:100074,,,,
15 martie 2026,,,Tranzactie Round Up,"0,02",,,"9.718,59"
,,,Data finalizarii (decontarii): 15-03-2026,,,,
,,,Referinta:40155,,,,
,,,In contul:RO88ANON5555555555555555,,,,
,,,Detalii:Suma tranzactiei: 269.98 RON,,,,
,,,Platita la: KAUFLAND 381,,,,
15 martie 2026,,,Cumparare POS,"269,98",,,"9.718,61"
,,,Data finalizarii (decontarii): 16-03-2026,,,,
,,,Numar card:**** 4412,,,,
,,,Tranzactie la:KAUFLAND 381  RO  CLUJ,,,,
,,,Data autorizarii:15-03-2026,,,,
,,,Numar autorizare:100073,,,,
14 martie 2026,,,Tranzactie Round Up,"0,57",,,"9.988,59"
,,,Data finalizarii (decontarii): 14-03-2026,,,,
,,,Referinta:40153,,,,
,,,In contul:RO88ANON5555555555555555,,,,
,,,Detalii:Suma tranzactiei: 252.43 RON,,,,
,,,Platita la: PayU*eMAG.ro,,,,
14 martie 2026,,,Cumparare POS,"252,43",,,"9.989,16"
,,,Data finalizarii (decontarii): 15-03-2026,,,,
,,,Numar card:**** 4412,,,,
,,,Tranzactie la:PayU*eMAG.ro  RO  ROMANIA,,,,
,,,Data autorizarii:14-03-2026,,,,
,,,Numar autorizare:100072,,,,
14 martie 2026,,,Tranzactie Round Up,"0,23",,,"10.241,59"
,,,Data finalizarii (decontarii): 14-03-2026,,,,
,,,Referinta:40151,,,,
,,,In contul:RO88ANON5555555555555555,,,,
,,,Detalii:Suma tranzactiei: 328.77 RON,,,,
,,,Platita la: PayU*eMAG.ro,,,,
14 martie 2026,,,Cumparare POS,"328,77",,,"10.241,82"
,,,Data finalizarii (decontarii): 15-03-2026,,,,
,,,Numar card:**** 4412,,,,
,,,Tranzactie la:PayU*eMAG.ro  RO  ROMANIA,,,,
,,,Data autorizarii:14-03-2026,,,,
,,,Numar autorizare:100071,,,,
13 martie 2026,,,Tranzactie Round Up,"0,15",,,"10.570,59"
,,,Data finalizarii (decontarii): 13-03-2026,,,,
,,,Referinta:40149,,,,
,,,In contul:RO88ANON5555555555555555,,,,
,,,Detalii:Suma tranzactiei: 59.85 RON,,,,
,,,Platita la: LIDL 1234 BUCURESTI,,,,
13 martie 2026,,,Cumparare POS,"59,85",,,"10.570,74"
,,,Data finalizarii (decontarii): 14-03-2026,,,,
,,,Numar card:**** 4412,,,,
,,,Tranzactie la:LIDL 1234 BUCURESTI  RO  BUCURESTI,,,,
,Jane Doe,,,,John Roe,,
,Sef Serviciu Exemplu,,,,Sef Serviciu Exemplu,,
,,ING Bank N.V. Amsterdam,,,ING Bank N.V. Amsterdam,,
,,Sucursala Bucuresti,,,Sucursala Bucuresti,,
Titular cont: PERSON_1,,,,,,,
Data,,,Detalii tranzactie,Debit,,Credit,Balanta
,,,Data autorizarii:13-03-2026,,,,
,,,Numar autorizare:100070,,,,
11 martie 2026,,,Transfer Home'Bank,"2.700,00",,,"10.630,59"
,,,Data finalizarii (decontarii): 11-03-2026,,,,
,,,Beneficiar:PERSON_2,,,,
,,,In contul:RO35ANON9999999999999999,,,,
,,,Banca:BCRO CENTRALA,,,,
,,,Detalii:transfer lunar,,,,
,,,Referinta:948800001,,,,
11 martie 2026,,,Tranzactie Round Up,"0,33",,,"13.330,59"
,,,Data finalizarii (decontarii): 11-03-2026,,,,
,,,Referinta:40146,,,,
,,,In contul:RO88ANON5555555555555555,,,,
,,,Detalii:Suma tranzactiei: 241.67 RON,,,,
,,,Platita la: OMV 1007,,,,
11 martie 2026,,,Cumparare POS,"241,67",,,"13.330,92"
,,,Data finalizarii (decontarii): 12-03-2026,,,,
,,,Numar card:**** 4412,,,,
,,,Tranzactie la:OMV 1007  RO  BUCURESTI,,,,
,,,Data autorizarii:11-03-2026,,,,
,,,Numar autorizare:100069,,,,
11 martie 2026,,,Tranzactie Round Up,"0,40",,,"13.572,59"
,,,Data finalizarii (decontarii): 11-03-2026,,,,
,,,Referinta:40144,,,,
,,,In contul:RO88ANON5555555555555555,,,,
,,,Detalii:Suma tranzactiei: 374.6 RON,,,,
,,,Platita la: PayU*eMAG.ro,,,,
11 martie 2026,,,Cumparare POS,"374,60",,,"13.572,99"
,,,Data finalizarii (decontarii): 12-03-2026,,,,
,,,Numar card:**** 4412,,,,
,,,Tranzactie la:PayU*eMAG.ro  RO  ROMANIA,,,,
,,,Data autorizarii:11-03-2026,,,,
,,,Numar autorizare:100068,,,,
10 martie 2026,,,Incasare,,,"8.500,00","13.947,59"
,,,Data: 10-03-2026,,,,
,,,Ordonator:ACME SOFTWARE SRL,,,,
,,,Din contul:RO35ANON9999999999999999,,,,
,,,Referinta:5266311051776296931757,,,,
10 martie 2026,,,Tranzactie Round Up,"0,69",,,"5.447,59"
,,,Data finalizarii (decontarii): 10-03-2026,,,,
,,,Referinta:40141,,,,
,,,In contul:RO88ANON5555555555555555,,,,
,,,Detalii:Suma tranzactiei: 361.31 RON,,,,
,,,Platita la: KAUFLAND 381,,,,
10 martie 2026,,,Cumparare POS,"361,31",,,"5.448,28"
,,,Data finalizarii (decontarii): 11-03-2026,,,,
,,,Numar card:**** 4412,,,,
,,,Tranzactie la:KAUFLAND 381  RO  CLUJ,,,,
,,,Data autorizarii:10-03-2026,,,,
,,,Numar autorizare:100067,,,,
10 martie 2026,,,Tranzactie Round Up,"0,44",,,"5.809,59"
,,,Data finalizarii (decontarii): 10-03-2026,,,,
,,,Referinta:40139,,,,
,,,In contul:RO88ANON5555555555555555,,,,
,Jane Doe,,,,John Roe,,
,Sef Serviciu Exemplu,,,,Sef Serviciu Exemplu,,
,,ING Bank N.V. Amsterdam,,,ING Bank N.V. Amsterdam,,
,,Sucursala Bucuresti,,,Sucursala Bucuresti,,
Titular cont: PERSON_1,,,,,,,
Data,,,Detalii tranzactie,Debit,,Credit,Balanta
,,,Detalii:Suma tranzactiei: 154.56 RON,,,,
,,,Platita la: OMV 1007,,,,
10 martie 2026,,,Cumparare POS,"154,56",,,"5.810,03"
,,,Data finalizarii (decontarii): 11-03-2026,,,,
,,,Numar card:**** 4412,,,,
,,,Tranzactie la:OMV 1007  RO  BUCURESTI,,,,
,,,Data autorizarii:10-03-2026,,,,
,,,Numar autorizare:100066,,,,
07 martie 2026,,,Tranzactie Round Up,"1,00",,,"5.964,59"
,,,Data finalizarii (decontarii): 07-03-2026,,,,
,,,Referinta:40137,,,,
,,,In contul:RO88ANON5555555555555555,,,,
,,,Detalii:Suma tranzactiei: 5 RON,,,,
,,,Platita la: METROREX VALIDATOARE,,,,
07 martie 2026,,,Cumparare POS,"5,00",,,"5.965,59"
,,,Data finalizarii (decontarii): 08-03-2026,,,,
,,,Numar card:**** 4412,,,,
,,,Tranzactie la:METROREX VALIDATOARE  RO  BUCURESTI,,,,
,,,Data autorizarii:07-03-2026,,,,
,,,Numar autorizare:100065,,,,
07 martie 2026,,,Tranzactie Round Up,"0,15",,,"5.970,59"
,,,Data finalizarii (decontarii): 07-03-2026,,,,
,,,Referinta:40135,,,,
,,,In contul:RO88ANON5555555555555555,,,,
,,,Detalii:Suma tranzactiei: 189.85 RON,,,,
,,,Platita la: LIDL 1234 BUCURESTI,,,,
07 martie 2026,,,Cumparare POS,"189,85",,,"5.970,74"
,,,Data finalizarii (decontarii): 08-03-2026,,,,
,,,Numar card:**** 4412,,,,
,,,Tranzactie la:LIDL 1234 BUCURESTI  RO  BUCURESTI,,,,
,,,Data autorizarii:07-03-2026,,,,
,,,Numar autorizare:100064,,,,
06 martie 2026,,,Tranzactie Round Up,"1,00",,,"6.160,59"
,,,Data finalizarii (decontarii): 06-03-2026,,,,
,,,Referinta:40133,,,,
,,,In contul:RO88ANON5555555555555555,,,,
,,,Detalii:Suma tranzactiei: 5 RON,,,,
,,,Platita la: METROREX VALIDATOARE,,,,
06 martie 2026,,,Cumparare POS,"5,00",,,"6.161,59"
,,,Data finalizarii (decontarii): 07-03-2026,,,,
,,,Numar card:**** 4412,,,,
,,,Tranzactie la:METROREX VALIDATOARE  RO  BUCURESTI,,,,
,,,Data autorizarii:06-03-2026,,,,
,,,Numar autorizare:100063,,,,
04 martie 2026,,,Tranzactie Round Up,"0,43",,,"6.166,59"
,,,Data finalizarii (decontarii): 04-03-2026,,,,
,,,Referinta:40131,,,,
,,,In contul:RO88ANON5555555555555555,,,,
,,,Detalii:Suma tranzactiei: 32.57 RON,,,,
,,,Platita la: KAUFLAND 381,,,,
04 martie 2026,,,Cumparare POS,"32,57",,,"6.167,02"
,,,Data finalizarii (decontarii): 05-03-2026,,,,
,,,Numar card:**** 4412,,,,
,,,Tranzactie la:KAUFLAND 381  RO  CLUJ,,,,
,Jane Doe,,,,John Roe,,
,Sef Serviciu Exemplu,,,,Sef Serviciu Exemplu,,
,,ING Bank N.V. Amsterdam,,,ING Bank N.V. Amsterdam,,
,,Sucursala Bucuresti,,,Sucursala Bucuresti,,
Titular cont: PERSON_1,,,,,,,
Data,,,Detalii tranzactie,Debit,,Credit,Balanta
,,,Data autorizarii:04-03-2026,,,,
,,,Numar autorizare:100062,,,,
04 martie 2026,,,Tranzactie Round Up,"0,75",,,"6.199,59"
,,,Data finalizarii (decontarii): 04-03-2026,,,,
,,,Referinta:40129,,,,
,,,In contul:RO88ANON5555555555555555,,,,
,,,Detalii:Suma tranzactiei: 42.25 RON,,,,
,,,Platita la: KAUFLAND 381,,,,
04 martie 2026,,,Cumparare POS,"42,25",,,"6.200,34"
,,,Data finalizarii (decontarii): 05-03-2026,,,,
,,,Numar card:**** 4412,,,,
,,,Tranzactie la:KAUFLAND 381  RO  CLUJ,,,,
,,,Data autorizarii:04-03-2026,,,,
,,,Numar autorizare:100061,,,,
03 martie 2026,,,Cumparare POS - stornare,,,"32,47","6.242,59"
,,,Data: 03-03-2026,,,,
,,,Numar card:**** 4412,,,,
,,,Tranzactie la:MOL 91151 Rasnov  RO  Rasnov,,,,
,,,Data autorizarii:27-02-2026,,,,
,,,Numar autorizare:155388,,,,
03 martie 2026,,,Tranzactie Round Up,"0,24",,,"6.210,12"
,,,Data finalizarii (decontarii): 03-03-2026,,,,
,,,Referinta:40126,,,,
,,,In contul:RO88ANON5555555555555555,,,,
,,,Detalii:Suma tranzactiei: 358.76 RON,,,,
,,,Platita la: KAUFLAND 381,,,,
03 martie 2026,,,Cumparare POS,"358,76",,,"6.210,36"
,,,Data finalizarii (decontarii): 04-03-2026,,,,
,,,Numar card:**** 4412,,,,
,,,Tranzactie la:KAUFLAND 381  RO  CLUJ,,,,
,,,Data autorizarii:03-03-2026,,,,
,,,Numar autorizare:100060,,,,
03 martie 2026,,,Tranzactie Round Up,"0,50",,,"6.569,12"
,,,Data finalizarii (decontarii): 03-03-2026,,,,
,,,Referinta:40124,,,,
,,,In contul:RO88ANON5555555555555555,,,,
,,,Detalii:Suma tranzactiei: 18.5 RON,,,,
,,,Platita la: STARBUCKS AFI,,,,
03 martie 2026,,,Cumparare POS,"18,50",,,"6.569,62"
,,,Data finalizarii (decontarii): 04-03-2026,,,,
,,,Numar card:**** 4412,,,,
,,,Tranzactie la:STARBUCKS AFI  RO  BUCURESTI,,,,
,,,Data autorizarii:03-03-2026,,,,
,,,Numar autorizare:100059,,,,
02 martie 2026,,,Tranzactie Round Up,"0,63",,,"6.588,12"
,,,Data finalizarii (decontarii): 02-03-2026,,,,
,,,Referinta:40122,,,,
,,,In contul:RO88ANON5555555555555555,,,,
,,,Detalii:Suma tranzactiei: 198.37 RON,,,,
,,,Platita la: LIDL 1234 BUCURESTI,,,,
02 martie 2026,,,Cumparare POS,"198,37",,,"6.588,75"
,,,Data finalizarii (decontarii): 03-03-2026,,,,
,,,Numar card:**** 4412,,,,
,,,Tranzactie la:LIDL 1234 BUCURESTI  RO  BUCURESTI,,,,
,Jane Doe,,,,John Roe,,
,Sef Serviciu Exemplu,,,,Sef Serviciu Exemplu,,
,,ING Bank N.V. Amsterdam,,,ING Bank N.V. Amsterdam,,
,,Sucursala Bucuresti,,,Sucursala Bucuresti,,
Titular cont: PERSON_1,,,,,,,
Data,,,Detalii tranzactie,Debit,,Credit,Balanta
,,,Data autorizarii:02-03-2026,,,,
,,,Numar autorizare:100058,,,,
01 martie 2026,,,Tranzactie Round Up,"1,00",,,"6.787,12"
,,,Data finalizarii (decontarii): 01-03-2026,,,,
,,,Referinta:40120,,,,
,,,In contul:RO88ANON5555555555555555,,,,
,,,Detalii:Suma tranzactiei: 5 RON,,,,
,,,Platita la: METROREX VALIDATOARE,,,,
01 martie 2026,,,Cumparare POS,"5,00",,,"6.788,12"
,,,Data finalizarii (decontarii): 02-03-2026,,,,
,,,Numar card:**** 4412,,,,
,,,Tranzactie la:METROREX VALIDATOARE  RO  BUCURESTI,,,,
,,,Data autorizarii:01-03-2026,,,,
,,,Numar autorizare:100057,,,,
28 februarie 2026,,,Tranzactie Round Up,"0,70",,,"6.793,12"
,,,Data finalizarii (decontarii): 28-02-2026,,,,
,,,Referinta:40118,,,,
,,,In contul:RO88ANON5555555555555555,,,,
,,,Detalii:Suma tranzactiei: 168.3 RON,,,,
,,,Platita la: KAUFLAND 381,,,,
28 februarie 2026,,,Cumparare POS,"168,30",,,"6.793,82"
,,,Data finalizarii (decontarii): 01-03-2026,,,,
,,,Numar card:**** 4412,,,,
,,,Tranzactie la:KAUFLAND 381  RO  CLUJ,,,,
,,,Data autorizarii:28-02-2026,,,,
,,,Numar autorizare:100056,,,,
28 februarie 2026,,,Tranzactie Round Up,"0,73",,,"6.962,12"
,,,Data finalizarii (decontarii): 28-02-2026,,,,
,,,Referinta:40116,,,,
,,,In contul:RO88ANON5555555555555555,,,,
,,,Detalii:Suma tranzactiei: 236.27 RON,,,,
,,,Platita la: OMV 1007,,,,
28 februarie 2026,,,Cumparare POS,"236,27",,,"6.962,85"
,,,Data finalizarii (decontarii): 01-03-2026,,,,
,,,Numar card:**** 4412,,,,
,,,Tranzactie la:OMV 1007  RO  BUCURESTI,,,,
,,,Data autorizarii:28-02-2026,,,,
,,,Numar autorizare:100055,,,,
24 februarie 2026,,,Tranzactie Round Up,"0,50",,,"7.199,12"
,,,Data finalizarii (decontarii): 24-02-2026,,,,
,,,Referinta:40114,,,,
,,,In contul:RO88ANON5555555555555555,,,,
,,,Detalii:Suma tranzactiei: 18.5 RON,,,,
,,,Platita la: STARBUCKS AFI,,,,
24 februarie 2026,,,Cumparare POS,"18,50",,,"7.199,62"
,,,Data finalizarii (decontarii): 25-02-2026,,,,
,,,Numar card:**** 4412,,,,
,,,Tranzactie la:STARBUCKS AFI  RO  BUCURESTI,,,,
,,,Data autorizarii:24-02-2026,,,,
,,,Numar autorizare:100054,,,,
24 februarie 2026,,,Tranzactie Round Up,"0,80",,,"7.218,12"
,,,Data finalizarii (decontarii): 24-02-2026,,,,
,,,Referinta:40112,,,,
,,,In contul:RO88ANON5555555555555555,,,,
,Jane Doe,,,,John Roe,,
,Sef Serviciu Exemplu,,,,Sef Serviciu Exemplu,,
,,ING Bank N.V. Amsterdam,,,ING Bank N.V. Amsterdam,,
,,Sucursala Bucuresti,,,Sucursala Bucuresti,,
Titular cont: PERSON_1,,,,,,,
Data,,,Detalii tranzactie,Debit,,Credit,Balanta
,,,Detalii:Suma tranzactiei: 250.2 RON,,,,
,,,Platita la: OMV 1007,,,,
24 februarie 2026,,,Cumparare POS,"250,20",,,"7.218,92"
,,,Data finalizarii (decontarii): 25-02-2026,,,,
,,,Numar card:**** 4412,,,,
,,,Tranzactie la:OMV 1007  RO  BUCURESTI,,,,
,,,Data autorizarii:24-02-2026,,,,
,,,Numar autorizare:100053,,,,
23 februarie 2026,,,Tranzactie Round Up,"0,59",,,"7.469,12"
,,,Data finalizarii (decontarii): 23-02-2026,,,,
,,,Referinta:40110,,,,
,,,In contul:RO88ANON5555555555555555,,,,
,,,Detalii:Suma tranzactiei: 141.41 RON,,,,
,,,Platita la: KAUFLAND 381,,,,
23 februarie 2026,,,Cumparare POS,"141,41",,,"7.469,71"
,,,Data finalizarii (decontarii): 24-02-2026,,,,
,,,Numar card:**** 4412,,,,
,,,Tranzactie la:KAUFLAND 381  RO  CLUJ,,,,
,,,Data autorizarii:23-02-2026,,,,
,,,Numar autorizare:100052,,,,
23 februarie 2026,,,Tranzactie Round Up,"0,70",,,"7.611,12"
,,,Data finalizarii (decontarii): 23-02-2026,,,,
,,,Referinta:40108,,,,
,,,In contul:RO88ANON5555555555555555,,,,
,,,Detalii:Suma tranzactiei: 161.3 RON,,,,
,,,Platita la: PayU*eMAG.ro,,,,
23 februarie 2026,,,Cumparare POS,"161,30",,,"7.611,82"
,,,Data finalizarii (decontarii): 24-02-2026,,,,
,,,Numar card:**** 4412,,,,
,,,Tranzactie la:PayU*eMAG.ro  RO  ROMANIA,,,,
,,,Data autorizarii:23-02-2026,,,,
,,,Numar autorizare:100051,,,,
21 februarie 2026,,,Tranzactie Round Up,"1,00",,,"7.773,12"
,,,Data finalizarii (decontarii): 21-02-2026,,,,
,,,Referinta:40106,,,,
,,,In contul:RO88ANON5555555555555555,,,,
,,,Detalii:Suma tranzactiei: 5 RON,,,,
,,,Platita la: METROREX VALIDATOARE,,,,
21 februarie 2026,,,Cumparare POS,"5,00",,,"7.774,12"
,,,Data finalizarii (decontarii): 22-02-2026,,,,
,,,Numar card:**** 4412,,,,
,,,Tranzactie la:METROREX VALIDATOARE  RO  BUCURESTI,,,,
,,,Data autorizarii:21-02-2026,,,,
,,,Numar autorizare:100050,,,,
21 februarie 2026,,,Tranzactie Round Up,"0,83",,,"7.779,12"
,,,Data finalizarii (decontarii): 21-02-2026,,,,
,,,Referinta:40104,,,,
,,,In contul:RO88ANON5555555555555555,,,,
,,,Detalii:Suma tranzactiei: 278.17 RON,,,,
,,,Platita la: OMV 1007,,,,
21 februarie 2026,,,Cumparare POS,"278,17",,,"7.779,95"
,,,Data finalizarii (decontarii): 22-02-2026,,,,
,,,Numar card:**** 4412,,,,
,,,Tranzactie la:OMV 1007  RO  BUCURESTI,,,,
,Jane Doe,,,,John Roe,,
,Sef Serviciu Exemplu,,,,Sef Serviciu Exemplu,,
,,ING Bank N.V. Amsterdam,,,ING Bank N.V. Amsterdam,,
,,Sucursala Bucuresti,,,Sucursala Bucuresti,,
Titular cont: PERSON_1,,,,,,,
Data,,,Detalii tranzactie,Debit,,Credit,Balanta
,,,Data autorizarii:21-02-2026,,,,
,,,Numar autorizare:100049,,,,
20 februarie 2026,,,Plata debit direct,"136,44",,,"8.058,12"
,,,Data finalizarii (decontarii): 20-02-2026,,,,
,,,Beneficiar:DIGI ROMANIA SA,,,,
,,,In contul:RO35ANON9999999999999999,,,,
,,,Banca:INGB CENTRALA,,,,
,,,Detalii:37741995,,,,
,,,60439508,,,,
,,,Referinta:961985602,,,,
20 februarie 2026,,,Tranzactie Round Up,"0,04",,,"8.194,56"
,,,Data finalizarii (decontarii): 20-02-2026,,,,
,,,Referinta:40101,,,,
,,,In contul:RO88ANON5555555555555555,,,,
,,,Detalii:Suma tranzactiei: 233.96 RON,,,,
,,,Platita la: LIDL 1234 BUCURESTI,,,,
20 februarie 2026,,,Cumparare POS,"233,96",,,"8.194,60"
,,,Data finalizarii (decontarii): 21-02-2026,,,,
,,,Numar card:**** 4412,,,,
,,,Tranzactie la:LIDL 1234 BUCURESTI  RO  BUCURESTI,,,,
,,,Data autorizarii:20-02-2026,,,,
,,,Numar autorizare:100048,,,,
19 februarie 2026,,,Tranzactie Round Up,"0,04",,,"8.428,56"
,,,Data finalizarii (decontarii): 19-02-2026,,,,
,,,Referinta:40099,,,,
,,,In contul:RO88ANON5555555555555555,,,,
,,,Detalii:Suma tranzactiei: 86.96 RON,,,,
,,,Platita la: LIDL 1234 BUCURESTI,,,,
19 februarie 2026,,,Cumparare POS,"86,96",,,"8.428,60"
,,,Data finalizarii (decontarii): 20-02-2026,,,,
,,,Numar card:**** 4412,,,,
,,,Tranzactie la:LIDL 1234 BUCURESTI  RO  BUCURESTI,,,,
,,,Data autorizarii:19-02-2026,,,,
,,,Numar autorizare:100047,,,,
17 februarie 2026,,,Tranzactie Round Up,"0,27",,,"8.515,56"
,,,Data finalizarii (decontarii): 17-02-2026,,,,
,,,Referinta:40097,,,,
,,,In contul:RO88ANON5555555555555555,,,,
,,,Detalii:Suma tranzactiei: 166.73 RON,,,,
,,,Platita la: OMV 1007,,,,
17 februarie 2026,,,Cumparare POS,"166,73",,,"8.515,83"
,,,Data finalizarii (decontarii): 18-02-2026,,,,
,,,Numar card:**** 4412,,,,
,,,Tranzactie la:OMV 1007  RO  BUCURESTI,,,,
,,,Data autorizarii:17-02-2026,,,,
,,,Numar autorizare:100046,,,,
17 februarie 2026,,,Tranzactie Round Up,"1,00",,,"8.682,56"
,,,Data finalizarii (decontarii): 17-02-2026,,,,
,,,Referinta:40095,,,,
,,,In contul:RO88ANON5555555555555555,,,,
,,,Detalii:Suma tranzactiei: 5 RON,,,,
,,,Platita la: METROREX VALIDATOARE,,,,
17 februarie 2026,,,Cumparare POS,"5,00",,,"8.683,56"
,,,Data finalizarii (decontarii): 18-02-2026,,,,
,Jane Doe,,,,John Roe,,
,Sef Serviciu Exemplu,,,,Sef Serviciu Exemplu,,
,,ING Bank N.V. Amsterdam,,,ING Bank N.V. Amsterdam,,
,,Sucursala Bucuresti,,,Sucursala Bucuresti,,
Titular cont: PERSON_1,,,,,,,
Data,,,Detalii tranzactie,Debit,,Credit,Balanta
,,,Numar card:**** 4412,,,,
,,,Tranzactie la:METROREX VALIDATOARE  RO  BUCURESTI,,,,
,,,Data autorizarii:17-02-2026,,,,
,,,Numar autorizare:100045,,,,
16 februarie 2026,,,Tranzactie Round Up,"0,19",,,"8.688,56"
,,,Data finalizarii (decontarii): 16-02-2026,,,,
,,,Referinta:40093,,,,
,,,In contul:RO88ANON5555555555555555,,,,
,,,Detalii:Suma tranzactiei: 303.81 RON,,,,
,,,Platita la: PayU*eMAG.ro,,,,
16 februarie 2026,,,Cumparare POS,"303,81",,,"8.688,75"
,,,Data finalizarii (decontarii): 17-02-2026,,,,
,,,Numar card:**** 4412,,,,
,,,Tranzactie la:PayU*eMAG.ro  RO  ROMANIA,,,,
,,,Data autorizarii:16-02-2026,,,,
,,,Numar autorizare:100044,,,,
16 februarie 2026,,,Tranzactie Round Up,"0,53",,,"8.992,56"
,,,Data finalizarii (decontarii): 16-02-2026,,,,
,,,Referinta:40091,,,,
,,,In contul:RO88ANON5555555555555555,,,,
,,,Detalii:Suma tranzactiei: 181.47 RON,,,,
,,,Platita la: LIDL 1234 BUCURESTI,,,,
16 februarie 2026,,,Cumparare POS,"181,47",,,"8.993,09"
,,,Data finalizarii (decontarii): 17-02-2026,,,,
,,,Numar card:**** 4412,,,,
,,,Tranzactie la:LIDL 1234 BUCURESTI  RO  BUCURESTI,,,,
,,,Data autorizarii:16-02-2026,,,,
,,,Numar autorizare:100043,,,,
14 februarie 2026,,,Retragere numerar,"200,00",,,"9.174,56"
,,,Data finalizarii (decontarii): 14-02-2026,,,,
,,,Numar card:**** 4412,,,,
,,,Tranzactie la:STR. EXEMPLU NR 1  RO  BUCURESTI,,,,
,,,Data autorizarii:14-02-2026,,,,
,,,Numar autorizare:034281,,,,
13 februarie 2026,,,Tranzactie Round Up,"0,82",,,"9.374,56"
,,,Data finalizarii (decontarii): 13-02-2026,,,,
,,,Referinta:40088,,,,
,,,In contul:RO88ANON5555555555555555,,,,
,,,Detalii:Suma tranzactiei: 575.18 RON,,,,
,,,Platita la: PayU*eMAG.ro,,,,
13 februarie 2026,,,Cumparare POS,"575,18",,,"9.375,38"
,,,Data finalizarii (decontarii): 14-02-2026,,,,
,,,Numar card:**** 4412,,,,
,,,Tranzactie la:PayU*eMAG.ro  RO  ROMANIA,,,,
,,,Data autorizarii:13-02-2026,,,,
,,,Numar autorizare:100042,,,,
13 februarie 2026,,,Tranzactie Round Up,"0,50",,,"9.950,56"
,,,Data finalizarii (decontarii): 13-02-2026,,,,
,,,Referinta:40086,,,,
,,,In contul:RO88ANON5555555555555555,,,,
,,,Detalii:Suma tranzactiei: 18.5 RON,,,,
,,,Platita la: STARBUCKS AFI,,,,
13 februarie 2026,,,Cumparare POS,"18,50",,,"9.951,06"
,,,Data finalizarii (decontarii): 14-02-2026,,,,
,Jane Doe,,,,John Roe,,
,Sef Serviciu Exemplu,,,,Sef Serviciu Exemplu,,
,,ING Bank N.V. Amsterdam,,,ING Bank N.V. Amsterdam,,
,,Sucursala Bucuresti,,,Sucursala Bucuresti,,
Titular cont: PERSON_1,,,,,,,
Data,,,Detalii tranzactie,Debit,,Credit,Balanta
,,,Numar card:**** 4412,,,,
,,,Tranzactie la:STARBUCKS AFI  RO  BUCURESTI,,,,
,,,Data autorizarii:13-02-2026,,,,
,,,Numar autorizare:100041,,,,
12 februarie 2026,,,Tranzactie Round Up,"0,50",,,"9.969,56"
,,,Data finalizarii (decontarii): 12-02-2026,,,,
,,,Referinta:40084,,,,
,,,In contul:RO88ANON5555555555555555,,,,
,,,Detalii:Suma tranzactiei: 18.5 RON,,,,
,,,Platita la: STARBUCKS AFI,,,,
12 februarie 2026,,,Cumparare POS,"18,50",,,"9.970,06"
,,,Data finalizarii (decontarii): 13-02-2026,,,,
,,,Numar card:**** 4412,,,,
,,,Tranzactie la:STARBUCKS AFI  RO  BUCURESTI,,,,
,,,Data autorizarii:12-02-2026,,,,
,,,Numar autorizare:100040,,,,
12 februarie 2026,,,Tranzactie Round Up,"0,50",,,"9.988,56"
,,,Data finalizarii (decontarii): 12-02-2026,,,,
,,,Referinta:40082,,,,
,,,In contul:RO88ANON5555555555555555,,,,
,,,Detalii:Suma tranzactiei: 18.5 RON,,,,
,,,Platita la: STARBUCKS AFI,,,,
12 februarie 2026,,,Cumparare POS,"18,50",,,"9.989,06"
,,,Data finalizarii (decontarii): 13-02-2026,,,,
,,,Numar card:**** 4412,,,,
,,,Tranzactie la:STARBUCKS AFI  RO  BUCURESTI,,,,
,,,Data autorizarii:12-02-2026,,,,
,,,Numar autorizare:100039,,,,
11 februarie 2026,,,Transfer Home'Bank,"2.700,00",,,"10.007,56"
,,,Data finalizarii (decontarii): 11-02-2026,,,,
,,,Beneficiar:PERSON_2,,,,
,,,In contul:RO35ANON9999999999999999,,,,
,,,Banca:BCRO CENTRALA,,,,
,,,Detalii:transfer lunar,,,,
,,,Referinta:948800001,,,,
10 februarie 2026,,,Incasare,,,"8.500,00","12.707,56"
,,,Data: 10-02-2026,,,,
,,,Ordonator:ACME SOFTWARE SRL,,,,
,,,Din contul:RO35ANON9999999999999999,,,,
,,,Referinta:9643095989148782707941,,,,
10 februarie 2026,,,Tranzactie Round Up,"0,52",,,"4.207,56"
,,,Data finalizarii (decontarii): 10-02-2026,,,,
,,,Referinta:40078,,,,
,,,In contul:RO88ANON5555555555555555,,,,
,,,Detalii:Suma tranzactiei: 164.48 RON,,,,
,,,Platita la: KAUFLAND 381,,,,
10 februarie 2026,,,Cumparare POS,"164,48",,,"4.208,08"
,,,Data finalizarii (decontarii): 11-02-2026,,,,
,,,Numar card:**** 4412,,,,
,,,Tranzactie la:KAUFLAND 381  RO  CLUJ,,,,
,,,Data autorizarii:10-02-2026,,,,
,,,Numar autorizare:100038,,,,
10 februarie 2026,,,Tranzactie Round Up,"0,50",,,"4.372,56"
,,,Data finalizarii (decontarii): 10-02-2026,,,,
,Jane Doe,,,,John Roe,,
,Sef Serviciu Exemplu,,,,Sef Serviciu Exemplu,,
,,ING Bank N.V. Amsterdam,,,ING Bank N.V. Amsterdam,,
,,Sucursala Bucuresti,,,Sucursala Bucuresti,,
Titular cont: PERSON_1,,,,,,,
Data,,,Detalii tranzactie,Debit,,Credit,Balanta
,,,Referinta:40076,,,,
,,,In contul:RO88ANON5555555555555555,,,,
,,,Detalii:Suma tranzactiei: 18.5 RON,,,,
,,,Platita la: STARBUCKS AFI,,,,
10 februarie 2026,,,Cumparare POS,"18,50",,,"4.373,06"
,,,Data finalizarii (decontarii): 11-02-2026,,,,
,,,Numar card:**** 4412,,,,
,,,Tranzactie la:STARBUCKS AFI  RO  BUCURESTI,,,,
,,,Data autorizarii:10-02-2026,,,,
,,,Numar autorizare:100037,,,,
07 februarie 2026,,,Tranzactie Round Up,"0,31",,,"4.391,56"
,,,Data finalizarii (decontarii): 07-02-2026,,,,
,,,Referinta:40074,,,,
,,,In contul:RO88ANON5555555555555555,,,,
,,,Detalii:Suma tranzactiei: 172.69 RON,,,,
,,,Platita la: LIDL 1234 BUCURESTI,,,,
07 februarie 2026,,,Cumparare POS,"172,69",,,"4.391,87"
,,,Data finalizarii (decontarii): 08-02-2026,,,,
,,,Numar card:**** 4412,,,,
,,,Tranzactie la:LIDL 1234 BUCURESTI  RO  BUCURESTI,,,,
,,,Data autorizarii:07-02-2026,,,,
,,,Numar autorizare:100036,,,,
06 februarie 2026,,,Tranzactie Round Up,"0,65",,,"4.564,56"
,,,Data finalizarii (decontarii): 06-02-2026,,,,
,,,Referinta:40072,,,,
,,,In contul:RO88ANON5555555555555555,,,,
,,,Detalii:Suma tranzactiei: 217.35 RON,,,,
,,,Platita la: LIDL 1234 BUCURESTI,,,,
06 februarie 2026,,,Cumparare POS,"217,35",,,"4.565,21"
,,,Data finalizarii (decontarii): 07-02-2026,,,,
,,,Numar card:**** 4412,,,,
,,,Tranzactie la:LIDL 1234 BUCURESTI  RO  BUCURESTI,,,,
,,,Data autorizarii:06-02-2026,,,,
,,,Numar autorizare:100035,,,,
05 februarie 2026,,,Tranzactie Round Up,"1,00",,,"4.782,56"
,,,Data finalizarii (decontarii): 05-02-2026,,,,
,,,Referinta:40070,,,,
,,,In contul:RO88ANON5555555555555555,,,,
,,,Detalii:Suma tranzactiei: 5 RON,,,,
,,,Platita la: METROREX VALIDATOARE,,,,
05 februarie 2026,,,Cumparare POS,"5,00",,,"4.783,56"
,,,Data finalizarii (decontarii): 06-02-2026,,,,
,,,Numar card:**** 4412,,,,
,,,Tranzactie la:METROREX VALIDATOARE  RO  BUCURESTI,,,,
,,,Data autorizarii:05-02-2026,,,,
,,,Numar autorizare:100034,,,,
05 februarie 2026,,,Tranzactie Round Up,"0,76",,,"4.788,56"
,,,Data finalizarii (decontarii): 05-02-2026,,,,
,,,Referinta:40068,,,,
,,,In contul:RO88ANON5555555555555555,,,,
,,,Detalii:Suma tranzactiei: 53.24 RON,,,,
,,,Platita la: LIDL 1234 BUCURESTI,,,,
05 februarie 2026,,,Cumparare POS,"53,24",,,"4.789,32"
,,,Data finalizarii (decontarii): 06-02-2026,,,,
,Jane Doe,,,,John Roe,,
,Sef Serviciu Exemplu,,,,Sef Serviciu Exemplu,,
,,ING Bank N.V. Amsterdam,,,ING Bank N.V. Amsterdam,,
,,Sucursala Bucuresti,,,Sucursala Bucuresti,,
Titular cont: PERSON_1,,,,,,,
Data,,,Detalii tranzactie,Debit,,Credit,Balanta
,,,Numar card:**** 4412,,,,
,,,Tranzactie la:LIDL 1234 BUCURESTI  RO  BUCURESTI,,,,
,,,Data autorizarii:05-02-2026,,,,
,,,Numar autorizare:100033,,,,
03 februarie 2026,,,Tranzactie Round Up,"0,50",,,"4.842,56"
,,,Data finalizarii (decontarii): 03-02-2026,,,,
,,,Referinta:40066,,,,
,,,In contul:RO88ANON5555555555555555,,,,
,,,Detalii:Suma tranzactiei: 18.5 RON,,,,
,,,Platita la: STARBUCKS AFI,,,,
03 februarie 2026,,,Cumparare POS,"18,50",,,"4.843,06"
,,,Data finalizarii (decontarii): 04-02-2026,,,,
,,,Numar card:**** 4412,,,,
,,,Tranzactie la:STARBUCKS AFI  RO  BUCURESTI,,,,
,,,Data autorizarii:03-02-2026,,,,
,,,Numar autorizare:100032,,,,
31 ianuarie 2026,,,Tranzactie Round Up,"0,97",,,"4.861,56"
,,,Data finalizarii (decontarii): 31-01-2026,,,,
,,,Referinta:40064,,,,
,,,In contul:RO88ANON5555555555555555,,,,
,,,Detalii:Suma tranzactiei: 161.03 RON,,,,
,,,Platita la: OMV 1007,,,,
31 ianuarie 2026,,,Cumparare POS,"161,03",,,"4.862,53"
,,,Data finalizarii (decontarii): 01-02-2026,,,,
,,,Numar card:**** 4412,,,,
,,,Tranzactie la:OMV 1007  RO  BUCURESTI,,,,
,,,Data autorizarii:31-01-2026,,,,
,,,Numar autorizare:100031,,,,
30 ianuarie 2026,,,Tranzactie Round Up,"0,86",,,"5.023,56"
,,,Data finalizarii (decontarii): 30-01-2026,,,,
,,,Referinta:40062,,,,
,,,In contul:RO88ANON5555555555555555,,,,
,,,Detalii:Suma tranzactiei: 681.14 RON,,,,
,,,Platita la: PayU*eMAG.ro,,,,
30 ianuarie 2026,,,Cumparare POS,"681,14",,,"5.024,42"
,,,Data finalizarii (decontarii): 31-01-2026,,,,
,,,Numar card:**** 4412,,,,
,,,Tranzactie la:PayU*eMAG.ro  RO  ROMANIA,,,,
,,,Data autorizarii:30-01-2026,,,,
,,,Numar autorizare:100030,,,,
29 ianuarie 2026,,,Tranzactie Round Up,"0,19",,,"5.705,56"
,,,Data finalizarii (decontarii): 29-01-2026,,,,
,,,Referinta:40060,,,,
,,,In contul:RO88ANON5555555555555555,,,,
,,,Detalii:Suma tranzactiei: 224.81 RON,,,,
,,,Platita la: OMV 1007,,,,
29 ianuarie 2026,,,Cumparare POS,"224,81",,,"5.705,75"
,,,Data finalizarii (decontarii): 30-01-2026,,,,
,,,Numar card:**** 4412,,,,
,,,Tranzactie la:OMV 1007  RO  BUCURESTI,,,,
,,,Data autorizarii:29-01-2026,,,,
,,,Numar autorizare:100029,,,,
29 ianuarie 2026,,,Tranzactie Round Up,"0,50",,,"5.930,56"
,,,Data finalizarii (decontarii): 29-01-2026,,,,
,Jane Doe,,,,John Roe,,
,Sef Serviciu Exemplu,,,,Sef Serviciu Exemplu,,
,,ING Bank N.V. Amsterdam,,,ING Bank N.V. Amsterdam,,
,,Sucursala Bucuresti,,,Sucursala Bucuresti,,
Titular cont: PERSON_1,,,,,,,
Data,,,Detalii tranzactie,Debit,,Credit,Balanta
,,,Referinta:40058,,,,
,,,In contul:RO88ANON5555555555555555,,,,
,,,Detalii:Suma tranzactiei: 18.5 RON,,,,
,,,Platita la: STARBUCKS AFI,,,,
29 ianuarie 2026,,,Cumparare POS,"18,50",,,"5.931,06"
,,,Data finalizarii (decontarii): 30-01-2026,,,,
,,,Numar card:**** 4412,,,,
,,,Tranzactie la:STARBUCKS AFI  RO  BUCURESTI,,,,
,,,Data autorizarii:29-01-2026,,,,
,,,Numar autorizare:100028,,,,
28 ianuarie 2026,,,Tranzactie Round Up,"0,33",,,"5.949,56"
,,,Data finalizarii (decontarii): 28-01-2026,,,,
,,,Referinta:40056,,,,
,,,In contul:RO88ANON5555555555555555,,,,
,,,Detalii:Suma tranzactiei: 150.67 RON,,,,
,,,Platita la: OMV 1007,,,,
28 ianuarie 2026,,,Cumparare POS,"150,67",,,"5.949,89"
,,,Data finalizarii (decontarii): 29-01-2026,,,,
,,,Numar card:**** 4412,,,,
,,,Tranzactie la:OMV 1007  RO  BUCURESTI,,,,
,,,Data autorizarii:28-01-2026,,,,
,,,Numar autorizare:100027,,,,
28 ianuarie 2026,,,Tranzactie Round Up,"0,10",,,"6.100,56"
,,,Data finalizarii (decontarii): 28-01-2026,,,,
,,,Referinta:40054,,,,
,,,In contul:RO88ANON5555555555555555,,,,
,,,Detalii:Suma tranzactiei: 37.9 RON,,,,
,,,Platita la: KAUFLAND 381,,,,
28 ianuarie 2026,,,Cumparare POS,"37,90",,,"6.100,66"
,,,Data finalizarii (decontarii): 29-01-2026,,,,
,,,Numar card:**** 4412,,,,
,,,Tranzactie la:KAUFLAND 381  RO  CLUJ,,,,
,,,Data autorizarii:28-01-2026,,,,
,,,Numar autorizare:100026,,,,
27 ianuarie 2026,,,Tranzactie Round Up,"0,62",,,"6.138,56"
,,,Data finalizarii (decontarii): 27-01-2026,,,,
,,,Referinta:40052,,,,
,,,In contul:RO88ANON5555555555555555,,,,
,,,Detalii:Suma tranzactiei: 84.38 RON,,,,
,,,Platita la: KAUFLAND 381,,,,
27 ianuarie 2026,,,Cumparare POS,"84,38",,,"6.139,18"
,,,Data finalizarii (decontarii): 28-01-2026,,,,
,,,Numar card:**** 4412,,,,
,,,Tranzactie la:KAUFLAND 381  RO  CLUJ,,,,
,,,Data autorizarii:27-01-2026,,,,
,,,Numar autorizare:100025,,,,
27 ianuarie 2026,,,Tranzactie Round Up,"0,84",,,"6.223,56"
,,,Data finalizarii (decontarii): 27-01-2026,,,,
,,,Referinta:40050,,,,
,,,In contul:RO88ANON5555555555555555,,,,
,,,Detalii:Suma tranzactiei: 302.16 RON,,,,
,,,Platita la: KAUFLAND 381,,,,
27 ianuarie 2026,,,Cumparare POS,"302,16",,,"6.224,40"
,,,Data finalizarii (decontarii): 28-01-2026,,,,
,Jane Doe,,,,John Roe,,
,Sef Serviciu Exemplu,,,,Sef Serviciu Exemplu,,
,,ING Bank N.V. Amsterdam,,,ING Bank N.V. Amsterdam,,
,,Sucursala Bucuresti,,,Sucursala Bucuresti,,
Titular cont: PERSON_1,,,,,,,
Data,,,Detalii tranzactie,Debit,,Credit,Balanta
,,,Numar card:**** 4412,,,,
,,,Tranzactie la:KAUFLAND 381  RO  CLUJ,,,,
,,,Data autorizarii:27-01-2026,,,,
,,,Numar autorizare:100024,,,,
26 ianuarie 2026,,,Tranzactie Round Up,"0,48",,,"6.526,56"
,,,Data finalizarii (decontarii): 26-01-2026,,,,
,,,Referinta:40048,,,,
,,,In contul:RO88ANON5555555555555555,,,,
,,,Detalii:Suma tranzactiei: 195.52 RON,,,,
,,,Platita la: OMV 1007,,,,
26 ianuarie 2026,,,Cumparare POS,"195,52",,,"6.527,04"
,,,Data finalizarii (decontarii): 27-01-2026,,,,
,,,Numar card:**** 4412,,,,
,,,Tranzactie la:OMV 1007  RO  BUCURESTI,,,,
,,,Data autorizarii:26-01-2026,,,,
,,,Numar autorizare:100023,,,,
23 ianuarie 2026,,,Tranzactie Round Up,"0,81",,,"6.722,56"
,,,Data finalizarii (decontarii): 23-01-2026,,,,
,,,Referinta:40046,,,,
,,,In contul:RO88ANON5555555555555555,,,,
,,,Detalii:Suma tranzactiei: 215.19 RON,,,,
,,,Platita la: OMV 1007,,,,
23 ianuarie 2026,,,Cumparare POS,"215,19",,,"6.723,37"
,,,Data finalizarii (decontarii): 24-01-2026,,,,
,,,Numar card:**** 4412,,,,
,,,Tranzactie la:OMV 1007  RO  BUCURESTI,,,,
,,,Data autorizarii:23-01-2026,,,,
,,,Numar autorizare:100022,,,,
23 ianuarie 2026,,,Tranzactie Round Up,"1,00",,,"6.938,56"
,,,Data finalizarii (decontarii): 23-01-2026,,,,
,,,Referinta:40044,,,,
,,,In contul:RO88ANON5555555555555555,,,,
,,,Detalii:Suma tranzactiei: 5 RON,,,,
,,,Platita la: METROREX VALIDATOARE,,,,
23 ianuarie 2026,,,Cumparare POS,"5,00",,,"6.939,56"
,,,Data finalizarii (decontarii): 24-01-2026,,,,
,,,Numar card:**** 4412,,,,
,,,Tranzactie la:METROREX VALIDATOARE  RO  BUCURESTI,,,,
,,,Data autorizarii:23-01-2026,,,,
,,,Numar autorizare:100021,,,,
22 ianuarie 2026,,,Tranzactie Round Up,"0,22",,,"6.944,56"
,,,Data finalizarii (decontarii): 22-01-2026,,,,
,,,Referinta:40042,,,,
,,,In contul:RO88ANON5555555555555555,,,,
,,,Detalii:Suma tranzactiei: 44.78 RON,,,,
,,,Platita la: KAUFLAND 381,,,,
22 ianuarie 2026,,,Cumparare POS,"44,78",,,"6.944,78"
,,,Data finalizarii (decontarii): 23-01-2026,,,,
,,,Numar card:**** 4412,,,,
,,,Tranzactie la:KAUFLAND 381  RO  CLUJ,,,,
,,,Data autorizarii:22-01-2026,,,,
,,,Numar autorizare:100020,,,,
22 ianuarie 2026,,,Tranzactie Round Up,"0,34",,,"6.989,56"
,,,Data finalizarii (decontarii): 22-01-2026,,,,
,Jane Doe,,,,John Roe,,
,Sef Serviciu Exemplu,,,,Sef Serviciu Exemplu,,
,,ING Bank N.V. Amsterdam,,,ING Bank N.V. Amsterdam,,
,,Sucursala Bucuresti,,,Sucursala Bucuresti,,
Titular cont: PERSON_1,,,,,,,
Data,,,Detalii tranzactie,Debit,,Credit,Balanta
,,,Referinta:40040,,,,
,,,In contul:RO88ANON5555555555555555,,,,
,,,Detalii:Suma tranzactiei: 555.66 RON,,,,
,,,Platita la: PayU*eMAG.ro,,,,
22 ianuarie 2026,,,Cumparare POS,"555,66",,,"6.989,90"
,,,Data finalizarii (decontarii): 23-01-2026,,,,
,,,Numar card:**** 4412,,,,
,,,Tranzactie la:PayU*eMAG.ro  RO  ROMANIA,,,,
,,,Data autorizarii:22-01-2026,,,,
,,,Numar autorizare:100019,,,,
21 ianuarie 2026,,,Tranzactie Round Up,"0,20",,,"7.545,56"
,,,Data finalizarii (decontarii): 21-01-2026,,,,
,,,Referinta:40038,,,,
,,,In contul:RO88ANON5555555555555555,,,,
,,,Detalii:Suma tranzactiei: 455.8 RON,,,,
,,,Platita la: PayU*eMAG.ro,,,,
21 ianuarie 2026,,,Cumparare POS,"455,80",,,"7.545,76"
,,,Data finalizarii (decontarii): 22-01-2026,,,,
,,,Numar card:**** 4412,,,,
,,,Tranzactie la:PayU*eMAG.ro  RO  ROMANIA,,,,
,,,Data autorizarii:21-01-2026,,,,
,,,Numar autorizare:100018,,,,
20 ianuarie 2026,,,Plata debit direct,"136,44",,,"8.001,56"
,,,Data finalizarii (decontarii): 20-01-2026,,,,
,,,Beneficiar:DIGI ROMANIA SA,,,,
,,,In contul:RO35ANON9999999999999999,,,,
,,,Banca:INGB CENTRALA,,,,
,,,Detalii:37741995,,,,
,,,60439508,,,,
,,,Referinta:961985601,,,,
20 ianuarie 2026,,,Tranzactie Round Up,"1,00",,,"8.138,00"
,,,Data finalizarii (decontarii): 20-01-2026,,,,
,,,Referinta:40035,,,,
,,,In contul:RO88ANON5555555555555555,,,,
,,,Detalii:Suma tranzactiei: 5 RON,,,,
,,,Platita la: METROREX VALIDATOARE,,,,
20 ianuarie 2026,,,Cumparare POS,"5,00",,,"8.139,00"
,,,Data finalizarii (decontarii): 21-01-2026,,,,
,,,Numar card:**** 4412,,,,
,,,Tranzactie la:METROREX VALIDATOARE  RO  BUCURESTI,,,,
,,,Data autorizarii:20-01-2026,,,,
,,,Numar autorizare:100017,,,,
20 ianuarie 2026,,,Tranzactie Round Up,"0,50",,,"8.144,00"
,,,Data finalizarii (decontarii): 20-01-2026,,,,
,,,Referinta:40033,,,,
,,,In contul:RO88ANON5555555555555555,,,,
,,,Detalii:Suma tranzactiei: 18.5 RON,,,,
,,,Platita la: STARBUCKS AFI,,,,
20 ianuarie 2026,,,Cumparare POS,"18,50",,,"8.144,50"
,,,Data finalizarii (decontarii): 21-01-2026,,,,
,,,Numar card:**** 4412,,,,
,,,Tranzactie la:STARBUCKS AFI  RO  BUCURESTI,,,,
,,,Data autorizarii:20-01-2026,,,,
,Jane Doe,,,,John Roe,,
,Sef Serviciu Exemplu,,,,Sef Serviciu Exemplu,,
,,ING Bank N.V. Amsterdam,,,ING Bank N.V. Amsterdam,,
,,Sucursala Bucuresti,,,Sucursala Bucuresti,,
Titular cont: PERSON_1,,,,,,,
Data,,,Detalii tranzactie,Debit,,Credit,Balanta
,,,Numar autorizare:100016,,,,
18 ianuarie 2026,,,Tranzactie Round Up,"0,62",,,"8.163,00"
,,,Data finalizarii (decontarii): 18-01-2026,,,,
,,,Referinta:40031,,,,
,,,In contul:RO88ANON5555555555555555,,,,
,,,Detalii:Suma tranzactiei: 101.38 RON,,,,
,,,Platita la: PayU*eMAG.ro,,,,
18 ianuarie 2026,,,Cumparare POS,"101,38",,,"8.163,62"
,,,Data finalizarii (decontarii): 19-01-2026,,,,
,,,Numar card:**** 4412,,,,
,,,Tranzactie la:PayU*eMAG.ro  RO  ROMANIA,,,,
,,,Data autorizarii:18-01-2026,,,,
,,,Numar autorizare:100015,,,,
16 ianuarie 2026,,,Tranzactie Round Up,"0,66",,,"8.265,00"
,,,Data finalizarii (decontarii): 16-01-2026,,,,
,,,Referinta:40029,,,,
,,,In contul:RO88ANON5555555555555555,,,,
,,,Detalii:Suma tranzactiei: 169.34 RON,,,,
,,,Platita la: OMV 1007,,,,
16 ianuarie 2026,,,Cumparare POS,"169,34",,,"8.265,66"
,,,Data finalizarii (decontarii): 17-01-2026,,,,
,,,Numar card:**** 4412,,,,
,,,Tranzactie la:OMV 1007  RO  BUCURESTI,,,,
,,,Data autorizarii:16-01-2026,,,,
,,,Numar autorizare:100014,,,,
16 ianuarie 2026,,,Tranzactie Round Up,"1,00",,,"8.435,00"
,,,Data finalizarii (decontarii): 16-01-2026,,,,
,,,Referinta:40027,,,,
,,,In contul:RO88ANON5555555555555555,,,,
,,,Detalii:Suma tranzactiei: 5 RON,,,,
,,,Platita la: METROREX VALIDATOARE,,,,
16 ianuarie 2026,,,Cumparare POS,"5,00",,,"8.436,00"
,,,Data finalizarii (decontarii): 17-01-2026,,,,
,,,Numar card:**** 4412,,,,
,,,Tranzactie la:METROREX VALIDATOARE  RO  BUCURESTI,,,,
,,,Data autorizarii:16-01-2026,,,,
,,,Numar autorizare:100013,,,,
15 ianuarie 2026,,,Tranzactie Round Up,"1,00",,,"8.441,00"
,,,Data finalizarii (decontarii): 15-01-2026,,,,
,,,Referinta:40025,,,,
,,,In contul:RO88ANON5555555555555555,,,,
,,,Detalii:Suma tranzactiei: 5 RON,,,,
,,,Platita la: METROREX VALIDATOARE,,,,
15 ianuarie 2026,,,Cumparare POS,"5,00",,,"8.442,00"
,,,Data finalizarii (decontarii): 16-01-2026,,,,
,,,Numar card:**** 4412,,,,
,,,Tranzactie la:METROREX VALIDATOARE  RO  BUCURESTI,,,,
,,,Data autorizarii:15-01-2026,,,,
,,,Numar autorizare:100012,,,,
15 ianuarie 2026,,,Tranzactie Round Up,"0,04",,,"8.447,00"
,,,Data finalizarii (decontarii): 15-01-2026,,,,
,,,Referinta:40023,,,,
,,,In contul:RO88ANON5555555555555555,,,,
,,,Detalii:Suma tranzactiei: 266.96 RON,,,,
,Jane Doe,,,,John Roe,,
,Sef Serviciu Exemplu,,,,Sef Serviciu Exemplu,,
,,ING Bank N.V. Amsterdam,,,ING Bank N.V. Amsterdam,,
,,Sucursala Bucuresti,,,Sucursala Bucuresti,,
Titular cont: PERSON_1,,,,,,,
Data,,,Detalii tranzactie,Debit,,Credit,Balanta
,,,Platita la: KAUFLAND 381,,,,
15 ianuarie 2026,,,Cumparare POS,"266,96",,,"8.447,04"
,,,Data finalizarii (decontarii): 16-01-2026,,,,
,,,Numar card:**** 4412,,,,
,,,Tranzactie la:KAUFLAND 381  RO  CLUJ,,,,
,,,Data autorizarii:15-01-2026,,,,
,,,Numar autorizare:100011,,,,
14 ianuarie 2026,,,Tranzactie Round Up,"0,95",,,"8.714,00"
,,,Data finalizarii (decontarii): 14-01-2026,,,,
,,,Referinta:40021,,,,
,,,In contul:RO88ANON5555555555555555,,,,
,,,Detalii:Suma tranzactiei: 220.05 RON,,,,
,,,Platita la: OMV 1007,,,,
14 ianuarie 2026,,,Cumparare POS,"220,05",,,"8.714,95"
,,,Data finalizarii (decontarii): 15-01-2026,,,,
,,,Numar card:**** 4412,,,,
,,,Tranzactie la:OMV 1007  RO  BUCURESTI,,,,
,,,Data autorizarii:14-01-2026,,,,
,,,Numar autorizare:100010,,,,
13 ianuarie 2026,,,Tranzactie Round Up,"0,14",,,"8.935,00"
,,,Data finalizarii (decontarii): 13-01-2026,,,,
,,,Referinta:40019,,,,
,,,In contul:RO88ANON5555555555555555,,,,
,,,Detalii:Suma tranzactiei: 399.86 RON,,,,
,,,Platita la: KAUFLAND 381,,,,
13 ianuarie 2026,,,Cumparare POS,"399,86",,,"8.935,14"
,,,Data finalizarii (decontarii): 14-01-2026,,,,
,,,Numar card:**** 4412,,,,
,,,Tranzactie la:KAUFLAND 381  RO  CLUJ,,,,
,,,Data autorizarii:13-01-2026,,,,
,,,Numar autorizare:100009,,,,
13 ianuarie 2026,,,Tranzactie Round Up,"0,07",,,"9.335,00"
,,,Data finalizarii (decontarii): 13-01-2026,,,,
,,,Referinta:40017,,,,
,,,In contul:RO88ANON5555555555555555,,,,
,,,Detalii:Suma tranzactiei: 767.93 RON,,,,
,,,Platita la: PayU*eMAG.ro,,,,
13 ianuarie 2026,,,Cumparare POS,"767,93",,,"9.335,07"
,,,Data finalizarii (decontarii): 14-01-2026,,,,
,,,Numar card:**** 4412,,,,
,,,Tranzactie la:PayU*eMAG.ro  RO  ROMANIA,,,,
,,,Data autorizarii:13-01-2026,,,,
,,,Numar autorizare:100008,,,,
12 ianuarie 2026,,,Tranzactie Round Up,"0,50",,,"10.103,00"
,,,Data finalizarii (decontarii): 12-01-2026,,,,
,,,Referinta:40015,,,,
,,,In contul:RO88ANON5555555555555555,,,,
,,,Detalii:Suma tranzactiei: 18.5 RON,,,,
,,,Platita la: STARBUCKS AFI,,,,
12 ianuarie 2026,,,Cumparare POS,"18,50",,,"10.103,50"
,,,Data finalizarii (decontarii): 13-01-2026,,,,
,,,Numar card:**** 4412,,,,
,,,Tranzactie la:STARBUCKS AFI  RO  BUCURESTI,,,,
,,,Data autorizarii:12-01-2026,,,,
,Jane Doe,,,,John Roe,,
,Sef Serviciu Exemplu,,,,Sef Serviciu Exemplu,,
,,ING Bank N.V. Amsterdam,,,ING Bank N.V. Amsterdam,,
,,Sucursala Bucuresti,,,Sucursala Bucuresti,,
Titular cont: PERSON_1,,,,,,,
Data,,,Detalii tranzactie,Debit,,Credit,Balanta
,,,Numar autorizare:100007,,,,
11 ianuarie 2026,,,Transfer Home'Bank,"2.700,00",,,"10.122,00"
,,,Data finalizarii (decontarii): 11-01-2026,,,,
,,,Beneficiar:PERSON_2,,,,
,,,In contul:RO35ANON9999999999999999,,,,
,,,Banca:BCRO CENTRALA,,,,
,,,Detalii:transfer lunar,,,,
,,,Referinta:948800001,,,,
11 ianuarie 2026,,,Tranzactie Round Up,"0,50",,,"12.822,00"
,,,Data finalizarii (decontarii): 11-01-2026,,,,
,,,Referinta:40012,,,,
,,,In contul:RO88ANON5555555555555555,,,,
,,,Detalii:Suma tranzactiei: 18.5 RON,,,,
,,,Platita la: STARBUCKS AFI,,,,
11 ianuarie 2026,,,Cumparare POS,"18,50",,,"12.822,50"
,,,Data finalizarii (decontarii): 12-01-2026,,,,
,,,Numar card:**** 4412,,,,
,,,Tranzactie la:STARBUCKS AFI  RO  BUCURESTI,,,,
,,,Data autorizarii:11-01-2026,,,,
,,,Numar autorizare:100006,,,,
10 ianuarie 2026,,,Incasare,,,"8.500,00","12.841,00"
,,,Data: 10-01-2026,,,,
,,,Ordonator:ACME SOFTWARE SRL,,,,
,,,Din contul:RO35ANON9999999999999999,,,,
,,,Referinta:2270214545003004401470,,,,
07 ianuarie 2026,,,Tranzactie Round Up,"0,45",,,"4.341,00"
,,,Data finalizarii (decontarii): 07-01-2026,,,,
,,,Referinta:40009,,,,
,,,In contul:RO88ANON5555555555555555,,,,
,,,Detalii:Suma tranzactiei: 244.55 RON,,,,
,,,Platita la: OMV 1007,,,,
07 ianuarie 2026,,,Cumparare POS,"244,55",,,"4.341,45"
,,,Data finalizarii (decontarii): 08-01-2026,,,,
,,,Numar card:**** 4412,,,,
,,,Tranzactie la:OMV 1007  RO  BUCURESTI,,,,
,,,Data autorizarii:07-01-2026,,,,
,,,Numar autorizare:100005,,,,
07 ianuarie 2026,,,Tranzactie Round Up,"0,90",,,"4.586,00"
,,,Data finalizarii (decontarii): 07-01-2026,,,,
,,,Referinta:40007,,,,
,,,In contul:RO88ANON5555555555555555,,,,
,,,Detalii:Suma tranzactiei: 159.1 RON,,,,
,,,Platita la: LIDL 1234 BUCURESTI,,,,
07 ianuarie 2026,,,Cumparare POS,"159,10",,,"4.586,90"
,,,Data finalizarii (decontarii): 08-01-2026,,,,
,,,Numar card:**** 4412,,,,
,,,Tranzactie la:LIDL 1234 BUCURESTI  RO  BUCURESTI,,,,
,,,Data autorizarii:07-01-2026,,,,
,,,Numar autorizare:100004,,,,
03 ianuarie 2026,,,Tranzactie Round Up,"0,92",,,"4.746,00"
,,,Data finalizarii (decontarii): 03-01-2026,,,,
,,,Referinta:40005,,,,
,,,In contul:RO88ANON5555555555555555,,,,
,,,Detalii:Suma tranzactiei: 164.08 RON,,,,
,Jane Doe,,,,John Roe,,
,Sef Serviciu Exemplu,,,,Sef Serviciu Exemplu,,
,,ING Bank N.V. Amsterdam,,,ING Bank N.V. Amsterdam,,
,,Sucursala Bucuresti,,,Sucursala Bucuresti,,
Titular cont: PERSON_1,,,,,,,
Data,,,Detalii tranzactie,Debit,,Credit,Balanta
,,,Platita la: OMV 1007,,,,
03 ianuarie 2026,,,Cumparare POS,"164,08",,,"4.746,92"
,,,Data finalizarii (decontarii): 04-01-2026,,,,
,,,Numar card:**** 4412,,,,
,,,Tranzactie la:OMV 1007  RO  BUCURESTI,,,,
,,,Data autorizarii:03-01-2026,,,,
,,,Numar autorizare:100003,,,,
03 ianuarie 2026,,,Tranzactie Round Up,"0,50",,,"4.911,00"
,,,Data finalizarii (decontarii): 03-01-2026,,,,
,,,Referinta:40003,,,,
,,,In contul:RO88ANON5555555555555555,,,,
,,,Detalii:Suma tranzactiei: 18.5 RON,,,,
,,,Platita la: STARBUCKS AFI,,,,
03 ianuarie 2026,,,Cumparare POS,"18,50",,,"4.911,50"
,,,Data finalizarii (decontarii): 04-01-2026,,,,
,,,Numar card:**** 4412,,,,
,,,Tranzactie la:STARBUCKS AFI  RO  BUCURESTI,,,,
,,,Data autorizarii:03-01-2026,,,,
,,,Numar autorizare:100002,,,,
02 ianuarie 2026,,,Tranzactie Round Up,"0,57",,,"4.930,00"
,,,Data finalizarii (decontarii): 02-01-2026,,,,
,,,Referinta:40001,,,,
,,,In contul:RO88ANON5555555555555555,,,,
,,,Detalii:Suma tranzactiei: 69.43 RON,,,,
,,,Platita la: LIDL 1234 BUCURESTI,,,,
02 ianuarie 2026,,,Cumparare POS,"69,43",,,"4.930,57"
,,,Data finalizarii (decontarii): 03-01-2026,,,,
,,,Numar card:**** 4412,,,,
,,,Tranzactie la:LIDL 1234 BUCURESTI  RO  BUCURESTI,,,,
,,,Data autorizarii:02-01-2026,,,,
,,,Numar autorizare:100001,,,,
,Jane Doe,,,,John Roe,,
,Sef Serviciu Exemplu,,,,Sef Serviciu Exemplu,,
,,ING Bank N.V. Amsterdam,,,ING Bank N.V. Amsterdam,,
,,Sucursala Bucuresti,,,Sucursala Bucuresti,,
